"First Name","Last Name","Gender","Age"
"Abigail","Johnson","Female","23"
"Adrian","Campbell","Male","30"
"Alan","Wilson","Male","27"
"Adrianna","Harris","Female","23"
"Cadie","Phillips","Female","30"
"Lydia","Perry","Female","22"
"Richard","Hawkins","Male","21"
"Sienna","Jones","Female","30"
"Haris","Dixon","Male","20"
"Edward","Mason","Male","22"
"James","Phillips","Male","20"
"Paige","Carter","Female","24"
"Luke","Stevens","Male","19"
"Lenny","Morris","Male","21"
"Kimberly","Murphy","Female","21"
"Harold","Gray","Male","21"
"Brianna","Baker","Female","18"
"Briony","Harris","Female","29"
"Brooke","Casey","Female","29"
"Alen","Walker","Male","27"
"Mike","Watson","Male","24"
"April","Martin","Female","27"
"Lucas","Murphy","Male","26"
"Amber","Cunningham","Female","26"
"Samantha","Wells","Female","19"
"Maya","Ellis","Female","29"
"Carina","Howard","Female","26"
"Frederick","Cameron","Male","20"
"Brad","Foster","Male","20"
"Fenton","Watson","Male","27"
"Alisa","Mason","Female","19"
"Tony","Russell","Male","26"
"Daryl","Clark","Male","26"
"Daisy","Spencer","Female","29"
"Max","Howard","Male","18"
"Freddie","Cunningham","Male","26"
"Caroline","Barnes","Female","20"
"Ashton","Russell","Male","22"
"Alexia","Evans","Female","25"
"Patrick","Johnson","Male","23"
"Maddie","Martin","Female","26"
"Deanna","Hall","Female","27"
"Harold","Hall","Male","29"
"Sawyer","Henderson","Male","28"
"Miley","Martin","Female","30"
"Lilianna","Johnston","Female","20"
"Hailey","Mitchell","Female","18"
"Byron","Armstrong","Male","18"
"Haris","Kelly","Male","18"
"Aida","Thompson","Female","30"
"Chelsea","Ellis","Female","27"
"Daniel","Martin","Male","25"
"Lucy","Gibson","Female","26"
"Evelyn","Ellis","Female","23"
"Chloe","Nelson","Female","20"
"Luke","Owens","Male","28"
"Paige","Henderson","Female","21"
"April","Roberts","Female","29"
"Alexia","Johnston","Female","30"
"Clark","Williams","Male","24"
"Madaline","Wells","Female","26"
"Kelsey","Elliott","Female","18"
"Sophia","Harper","Female","19"
"Edith","Thompson","Female","21"
"Daisy","Lloyd","Female","30"
"James","Armstrong","Male","19"
"Paul","Douglas","Male","29"
"Fenton","Evans","Male","19"
"Brad","Wright","Male","23"
"Andrew","Lloyd","Male","23"
"David","Davis","Male","25"
"Lilianna","Barrett","Female","19"
"Carl","Mitchell","Male","20"
"Agata","Carter","Female","23"
"Preston","Holmes","Male","30"
"Victor","Baker","Male","19"
"Mike","Clark","Male","25"
"Paige","Dixon","Female","30"
"Valeria","Wilson","Female","19"
"Samantha","Russell","Female","25"
"Leonardo","Bennett","Male","30"
"Martin","Williams","Male","29"
"David","Perkins","Male","19"
"William","Craig","Male","25"
"Natalie","Payne","Female","22"
"Owen","Murphy","Male","22"
"Arthur","Roberts","Male","22"
"Tess","Cooper","Female","25"
"Arnold","Spencer","Male","21"
"Adison","Gibson","Male","22"
"Daryl","Parker","Male","18"
"Charlie","Howard","Male","29"
"Leonardo","Allen","Male","23"
"Belinda","Johnston","Female","19"
"Edith","Brooks","Female","20"
"Abigail","Andrews","Female","22"
"Victor","Dixon","Male","21"
"Jenna","Perry","Female","18"
"Lucas","Allen","Male","24"
"Albert","Evans","Male","27"
"Ryan","Foster","Male","24"
"Alan","Clark","Male","18"
"Frederick","Perkins","Male","28"
"Annabella","Clark","Female","26"
"Amanda","Myers","Female","23"
"Nicole","Johnston","Female","27"
"Sienna","Walker","Female","28"
"Alexia","Chapman","Female","18"
"Adam","Montgomery","Male","27"
"Ada","Kelley","Female","30"
"Oscar","Thomas","Male","26"
"Lydia","Sullivan","Female","26"
"Maddie","Thompson","Female","29"
"Wilson","Alexander","Male","28"
"Spike","Stevens","Male","21"
"Natalie","Crawford","Female","20"
"Edwin","Smith","Male","20"
"Garry","Watson","Male","26"
"Vanessa","Casey","Female","28"
"Harold","Brooks","Male","23"
"Aldus","Wells","Male","30"
"Henry","Kelley","Male","28"
"Sawyer","Murphy","Male","21"
"Fenton","Smith","Male","23"
"Victoria","Johnston","Female","30"
"Roman","Barrett","Male","24"
"Charlie","Douglas","Male","27"
"Thomas","Johnson","Male","21"
"Garry","Richards","Male","24"
"Leonardo","Ellis","Male","20"
"Derek","Cunningham","Male","30"
"Audrey","Howard","Female","18"
"Sydney","Barrett","Female","21"
"Brianna","Andrews","Female","28"
"Eddy","Gray","Male","27"
"Kelsey","Hill","Female","26"
"Frederick","Carroll","Male","25"
"Nicholas","Cole","Male","24"
"Brad","Casey","Male","27"
"Vincent","Reed","Male","22"
"Kristian","Russell","Male","24"
"Arthur","Nelson","Male","22"
"Dainton","Taylor","Male","18"
"Roman","Anderson","Male","22"
"Richard","Henderson","Male","20"
"Jack","Reed","Male","22"
"Agata","Carroll","Female","25"
"Harold","Adams","Male","22"
"Garry","Farrell","Male","30"
"Dainton","Ross","Male","22"
"Elian","Thomas","Male","27"
"Wilson","Cole","Male","30"
"Lucy","Evans","Female","20"
"Derek","Richardson","Male","18"
"Grace","Hamilton","Female","22"
"Bruce","Adams","Male","20"
"Rebecca","Morgan","Female","24"
"Kate","Wells","Female","19"
"Elise","Phillips","Female","23"
"Amber","Stewart","Female","18"
"Connie","Parker","Female","22"
"Daniel","Ellis","Male","23"
"James","Dixon","Male","19"
"April","Montgomery","Female","25"
"Florrie","Hill","Female","21"
"Frederick","Clark","Male","28"
"Kristian","Allen","Male","20"
"Kimberly","Turner","Female","29"
"Adele","Cole","Female","22"
"Olivia","Turner","Female","30"
"Justin","Chapman","Male","20"
"Rebecca","Evans","Female","28"
"Charlotte","Wilson","Female","22"
"Fiona","Cunningham","Female","21"
"Carl","Johnston","Male","20"
"Alfred","Scott","Male","24"
"Clark","Casey","Male","25"
"Paul","Ryan","Male","28"
"Kristian","Harris","Male","29"
"Marcus","Robinson","Male","25"
"Elian","Murphy","Male","19"
"Arthur","Parker","Male","25"
"Dainton","Cole","Male","24"
"Arthur","Sullivan","Male","22"
"James","Hawkins","Male","26"
"Kevin","Robinson","Male","28"
"Carlos","Perkins","Male","24"
"Lucia","Riley","Female","20"
"Valeria","Clark","Female","29"
"Elian","Mason","Male","30"
"Audrey","Ross","Female","20"
"David","Stewart","Male","21"
"Eleanor","Barnes","Female","23"
"Leonardo","Carroll","Male","21"
"Dominik","Thompson","Male","28"
"Savana","Crawford","Female","26"
"Eleanor","Morrison","Female","19"
"Evelyn","Russell","Female","18"
"Deanna","Morgan","Female","25"
"Alexander","Parker","Male","23"
